<?xml version="1.0" encoding="utf-8"?>
	<modules xmlns:xsi="http://www.w3.org/2001/XMLSchema-instance"
  	 xsi:noNamespaceSchemaLocation="file://Dashboard/DashBoard_Main.xsd">
<!-- This file schema is internal to SpyGlass DashBoard and subject to change in future without notice --> 
<module name="fifo">
		      <design_data>
<summary_Main name="Summary" run_status="Not completed" success_criteria="Failed objectives = 0" pass_status="Unknown"/>
<summary_Pass name="Summary" run_status="Not completed" success_criteria="Passed objectives = 0" pass_status=""/>
<summary_Fail name="Summary" run_status="Not completed" success_criteria="Failed objectives = 0" pass_status=""/>
 </design_data>
 <quality_data>
<goal name="lint/lint_rtl" link="data_files/fifo_lint-lint_rtl_summary.xml" run_status="Completed" end_time="07-26-2024 00:11:32" run_time="00:00:18 (18 secs)" fatal="0" error="0" warning="0" waived-error="0" waived-warning="0" success_criteria=" Fatal =0, Error =0" pass_status="Pass" graph="dashboard_data_files/fifo_lint-lint_rtl-trend.xml" run_link="dashboard_data_files/fifo_proName_lint-lint_rtl.sh" />
<summary_Main name="Summary" run_status="Completed" fatal="0" error="0" warning="0" waived-error="0" waived-warning="0" success_criteria="Failed goals = 0" pass_status="Pass" graph="dashboard_data_files/fifo-quality-summary.xml" />
<summary_Pass name="Summary" run_status="Completed" fatal="0" error="0" warning="0" waived-error="0" waived-warning="0" success_criteria="Passed goals = 1" pass_status="Pass" graph="dashboard_data_files/fifo-quality-summary.xml" />
<summary_Fail name="Summary" run_status="" success_criteria="Failed goals = 0" pass_status="" graph="dashboard_data_files/fifo-quality-summary.xml" />
 </quality_data>
 </module>
<collapse_all>false</collapse_all>
<run_link>false</run_link>
<title><![CDATA[]]></title>
<label><![CDATA[]]></label>
 </modules>
