<?xml version="1.0" encoding="utf-8"?>
	<modules xmlns:xsi="http://www.w3.org/2001/XMLSchema-instance"
  	 xsi:noNamespaceSchemaLocation="file://Dashboard/DB_Block_Summary.xsd">
<!-- This file schema is internal to SpyGlass DashBoard and subject to change in future without notice --> 
<module name="fifo" header_link="dashboard_data_files/DashBoard_Main.xml#fifo"> 
			  <design_objectives> 
</design_objectives> 
<quality_goals>
<goal name="lint/lint_rtl" header_link="dashboard_data_files/lint-lint_rtl.xml" pass_status="Pass" cell_link="dashboard_data_files/fifo_lint-lint_rtl-trend.xml" date_time="07/26/2024 (00:11)"/>
 </quality_goals>
<oldest_update>07/26/2024 (00:11) </oldest_update>
  		</module> 
</modules>
