{
    "fifo_tb": [
        "fifo_tb",
        "fst1W",
        "module",
        1
    ],
    "AND2X1_RVT": [
        "AND2X1_RVT",
        "VFW6S",
        "module",
        2
    ],
    "AND2X2_RVT": [
        "AND2X2_RVT",
        "yWvC4",
        "module",
        3
    ],
    "AND2X4_RVT": [
        "AND2X4_RVT",
        "QF1Ae",
        "module",
        4
    ],
    "AND3X1_RVT": [
        "AND3X1_RVT",
        "z7LiQ",
        "module",
        5
    ],
    "AND3X2_RVT": [
        "AND3X2_RVT",
        "Zp6Rk",
        "module",
        6
    ],
    "AND3X4_RVT": [
        "AND3X4_RVT",
        "vqJAs",
        "module",
        7
    ],
    "AND4X1_RVT": [
        "AND4X1_RVT",
        "VwjNj",
        "module",
        8
    ],
    "AND4X2_RVT": [
        "AND4X2_RVT",
        "qbQhN",
        "module",
        9
    ],
    "AND4X4_RVT": [
        "AND4X4_RVT",
        "jYQpK",
        "module",
        10
    ],
    "ANTENNA_RVT": [
        "ANTENNA_RVT",
        "bzeja",
        "module",
        11
    ],
    "AO21X1_RVT": [
        "AO21X1_RVT",
        "Tbe3K",
        "module",
        12
    ],
    "AO21X2_RVT": [
        "AO21X2_RVT",
        "wI2UF",
        "module",
        13
    ],
    "AO221X1_RVT": [
        "AO221X1_RVT",
        "nHgL7",
        "module",
        14
    ],
    "AO221X2_RVT": [
        "AO221X2_RVT",
        "qaF8U",
        "module",
        15
    ],
    "AO222X1_RVT": [
        "AO222X1_RVT",
        "UxugA",
        "module",
        16
    ],
    "AO222X2_RVT": [
        "AO222X2_RVT",
        "Z4Dce",
        "module",
        17
    ],
    "AO22X1_RVT": [
        "AO22X1_RVT",
        "IGStm",
        "module",
        18
    ],
    "AO22X2_RVT": [
        "AO22X2_RVT",
        "ehMdh",
        "module",
        19
    ],
    "AOBUFX1_RVT": [
        "AOBUFX1_RVT",
        "HiUjT",
        "module",
        20
    ],
    "AOBUFX2_RVT": [
        "AOBUFX2_RVT",
        "zGpqe",
        "module",
        21
    ],
    "AOBUFX4_RVT": [
        "AOBUFX4_RVT",
        "rrgR2",
        "module",
        22
    ],
    "AODFFARX1_RVT": [
        "AODFFARX1_RVT",
        "NnYuc",
        "module",
        23
    ],
    "AODFFARX2_RVT": [
        "AODFFARX2_RVT",
        "d3WsF",
        "module",
        24
    ],
    "AODFFNARX1_RVT": [
        "AODFFNARX1_RVT",
        "mqktR",
        "module",
        25
    ],
    "AODFFNARX2_RVT": [
        "AODFFNARX2_RVT",
        "qysF6",
        "module",
        26
    ],
    "AOI21X1_RVT": [
        "AOI21X1_RVT",
        "yY5km",
        "module",
        27
    ],
    "AOI21X2_RVT": [
        "AOI21X2_RVT",
        "Eketa",
        "module",
        28
    ],
    "AOI221X1_RVT": [
        "AOI221X1_RVT",
        "d318C",
        "module",
        29
    ],
    "AOI221X2_RVT": [
        "AOI221X2_RVT",
        "A55h6",
        "module",
        30
    ],
    "AOI222X1_RVT": [
        "AOI222X1_RVT",
        "BjLbH",
        "module",
        31
    ],
    "AOI222X2_RVT": [
        "AOI222X2_RVT",
        "usnnz",
        "module",
        32
    ],
    "AOI22X1_RVT": [
        "AOI22X1_RVT",
        "ypyt7",
        "module",
        33
    ],
    "AOI22X2_RVT": [
        "AOI22X2_RVT",
        "Iy7i5",
        "module",
        34
    ],
    "AOINVX1_RVT": [
        "AOINVX1_RVT",
        "nFcte",
        "module",
        35
    ],
    "AOINVX2_RVT": [
        "AOINVX2_RVT",
        "JtWie",
        "module",
        36
    ],
    "AOINVX4_RVT": [
        "AOINVX4_RVT",
        "sM4pd",
        "module",
        37
    ],
    "BSLEX1_RVT": [
        "BSLEX1_RVT",
        "TQ55I",
        "module",
        38
    ],
    "BSLEX2_RVT": [
        "BSLEX2_RVT",
        "gsRQh",
        "module",
        39
    ],
    "BSLEX4_RVT": [
        "BSLEX4_RVT",
        "Jqca4",
        "module",
        40
    ],
    "BUSKP_RVT": [
        "BUSKP_RVT",
        "VqeKH",
        "module",
        41
    ],
    "CGLNPRX2_RVT": [
        "CGLNPRX2_RVT",
        "DW7Nj",
        "module",
        42
    ],
    "CGLNPRX8_RVT": [
        "CGLNPRX8_RVT",
        "qTaKS",
        "module",
        43
    ],
    "CGLNPSX16_RVT": [
        "CGLNPSX16_RVT",
        "vGk6q",
        "module",
        44
    ],
    "CGLNPSX2_RVT": [
        "CGLNPSX2_RVT",
        "CkvBj",
        "module",
        45
    ],
    "CGLNPSX4_RVT": [
        "CGLNPSX4_RVT",
        "EpCZ7",
        "module",
        46
    ],
    "CGLNPSX8_RVT": [
        "CGLNPSX8_RVT",
        "r13jF",
        "module",
        47
    ],
    "CGLPPRX2_RVT": [
        "CGLPPRX2_RVT",
        "iuqnp",
        "module",
        48
    ],
    "CGLPPRX8_RVT": [
        "CGLPPRX8_RVT",
        "E9BtG",
        "module",
        49
    ],
    "CGLPPSX16_RVT": [
        "CGLPPSX16_RVT",
        "fviLL",
        "module",
        50
    ],
    "CGLPPSX2_RVT": [
        "CGLPPSX2_RVT",
        "M3t2y",
        "module",
        51
    ],
    "CGLPPSX4_RVT": [
        "CGLPPSX4_RVT",
        "FkrLU",
        "module",
        52
    ],
    "CGLPPSX8_RVT": [
        "CGLPPSX8_RVT",
        "CSfvL",
        "module",
        53
    ],
    "CLOAD1_RVT": [
        "CLOAD1_RVT",
        "iG8SZ",
        "module",
        54
    ],
    "DCAP_RVT": [
        "DCAP_RVT",
        "HiDyg",
        "module",
        55
    ],
    "DEC24X1_RVT": [
        "DEC24X1_RVT",
        "mTJir",
        "module",
        56
    ],
    "DEC24X2_RVT": [
        "DEC24X2_RVT",
        "qzayT",
        "module",
        57
    ],
    "DELLN1X2_RVT": [
        "DELLN1X2_RVT",
        "ygvhd",
        "module",
        58
    ],
    "DELLN2X2_RVT": [
        "DELLN2X2_RVT",
        "QpMM1",
        "module",
        59
    ],
    "DELLN3X2_RVT": [
        "DELLN3X2_RVT",
        "ztFM4",
        "module",
        60
    ],
    "DFFARX1_RVT": [
        "DFFARX1_RVT",
        "fPZ7f",
        "module",
        61
    ],
    "DFFASRX1_RVT": [
        "DFFASRX1_RVT",
        "pAFVC",
        "module",
        62
    ],
    "DFFASRX2_RVT": [
        "DFFASRX2_RVT",
        "E2IdA",
        "module",
        63
    ],
    "DFFASX1_RVT": [
        "DFFASX1_RVT",
        "ItbJp",
        "module",
        64
    ],
    "DFFASX2_RVT": [
        "DFFASX2_RVT",
        "hIkrk",
        "module",
        65
    ],
    "DFFNARX1_RVT": [
        "DFFNARX1_RVT",
        "Cahk1",
        "module",
        66
    ],
    "DFFNARX2_RVT": [
        "DFFNARX2_RVT",
        "dyZYk",
        "module",
        67
    ],
    "DFFNASRNX1_RVT": [
        "DFFNASRNX1_RVT",
        "jrpm8",
        "module",
        68
    ],
    "DFFNASRNX2_RVT": [
        "DFFNASRNX2_RVT",
        "gGaIt",
        "module",
        69
    ],
    "DFFNASRQX1_RVT": [
        "DFFNASRQX1_RVT",
        "vxRzH",
        "module",
        70
    ],
    "DFFNASRQX2_RVT": [
        "DFFNASRQX2_RVT",
        "Fc71k",
        "module",
        71
    ],
    "DFFNASRX1_RVT": [
        "DFFNASRX1_RVT",
        "UKmIj",
        "module",
        72
    ],
    "DFFNASRX2_RVT": [
        "DFFNASRX2_RVT",
        "txAaE",
        "module",
        73
    ],
    "DFFNASX1_RVT": [
        "DFFNASX1_RVT",
        "arn13",
        "module",
        74
    ],
    "DFFNASX2_RVT": [
        "DFFNASX2_RVT",
        "rCyYs",
        "module",
        75
    ],
    "DFFNX1_RVT": [
        "DFFNX1_RVT",
        "axK6x",
        "module",
        76
    ],
    "DFFNX2_RVT": [
        "DFFNX2_RVT",
        "KTRw7",
        "module",
        77
    ],
    "DFFSSRX1_RVT": [
        "DFFSSRX1_RVT",
        "hxsxh",
        "module",
        78
    ],
    "DFFSSRX2_RVT": [
        "DFFSSRX2_RVT",
        "grtRb",
        "module",
        79
    ],
    "DFFX1_RVT": [
        "DFFX1_RVT",
        "uvqgb",
        "module",
        80
    ],
    "DFFX2_RVT": [
        "DFFX2_RVT",
        "HZfsa",
        "module",
        81
    ],
    "DHFILLHL2_RVT": [
        "DHFILLHL2_RVT",
        "epAHI",
        "module",
        82
    ],
    "DHFILLHLHLS11_RVT": [
        "DHFILLHLHLS11_RVT",
        "SJqfw",
        "module",
        83
    ],
    "DHFILLH2_RVT": [
        "DHFILLH2_RVT",
        "FbZ6b",
        "module",
        84
    ],
    "FADDX1_RVT": [
        "FADDX1_RVT",
        "Mssj6",
        "module",
        85
    ],
    "FADDX2_RVT": [
        "FADDX2_RVT",
        "NPLgV",
        "module",
        86
    ],
    "HADDX1_RVT": [
        "HADDX1_RVT",
        "n9AgH",
        "module",
        87
    ],
    "HADDX2_RVT": [
        "HADDX2_RVT",
        "GUnBF",
        "module",
        88
    ],
    "FOOT2X16_RVT": [
        "FOOT2X16_RVT",
        "AejSG",
        "module",
        89
    ],
    "FOOT2X2_RVT": [
        "FOOT2X2_RVT",
        "GaZPH",
        "module",
        90
    ],
    "FOOT2X32_RVT": [
        "FOOT2X32_RVT",
        "m22eg",
        "module",
        91
    ],
    "FOOT2X4_RVT": [
        "FOOT2X4_RVT",
        "eyfz0",
        "module",
        92
    ],
    "FOOT2X8_RVT": [
        "FOOT2X8_RVT",
        "s80jM",
        "module",
        93
    ],
    "FOOTX16_RVT": [
        "FOOTX16_RVT",
        "PBsc7",
        "module",
        94
    ],
    "FOOTX2_RVT": [
        "FOOTX2_RVT",
        "DMu5y",
        "module",
        95
    ],
    "FOOTX32_RVT": [
        "FOOTX32_RVT",
        "WyS0x",
        "module",
        96
    ],
    "FOOTX4_RVT": [
        "FOOTX4_RVT",
        "QPQL6",
        "module",
        97
    ],
    "FOOTX8_RVT": [
        "FOOTX8_RVT",
        "b4Qa5",
        "module",
        98
    ],
    "HEAD2X16_RVT": [
        "HEAD2X16_RVT",
        "r8iH3",
        "module",
        99
    ],
    "HEAD2X2_RVT": [
        "HEAD2X2_RVT",
        "t833Z",
        "module",
        100
    ],
    "HEAD2X32_RVT": [
        "HEAD2X32_RVT",
        "ksnS4",
        "module",
        101
    ],
    "HEAD2X4_RVT": [
        "HEAD2X4_RVT",
        "VHiQ4",
        "module",
        102
    ],
    "HEAD2X8_RVT": [
        "HEAD2X8_RVT",
        "jfcDP",
        "module",
        103
    ],
    "HEADX16_RVT": [
        "HEADX16_RVT",
        "PtubC",
        "module",
        104
    ],
    "HEADX2_RVT": [
        "HEADX2_RVT",
        "VBr21",
        "module",
        105
    ],
    "HEADX32_RVT": [
        "HEADX32_RVT",
        "a6ari",
        "module",
        106
    ],
    "HEADX4_RVT": [
        "HEADX4_RVT",
        "F27uf",
        "module",
        107
    ],
    "HEADX8_RVT": [
        "HEADX8_RVT",
        "YpTIH",
        "module",
        108
    ],
    "IBUFFX16_RVT": [
        "IBUFFX16_RVT",
        "vwaBf",
        "module",
        109
    ],
    "IBUFFX2_RVT": [
        "IBUFFX2_RVT",
        "drbh5",
        "module",
        110
    ],
    "IBUFFX32_RVT": [
        "IBUFFX32_RVT",
        "vhqM5",
        "module",
        111
    ],
    "IBUFFX4_RVT": [
        "IBUFFX4_RVT",
        "SEFhv",
        "module",
        112
    ],
    "IBUFFX8_RVT": [
        "IBUFFX8_RVT",
        "cW0NN",
        "module",
        113
    ],
    "INVX0_RVT": [
        "INVX0_RVT",
        "LkLxL",
        "module",
        114
    ],
    "INVX16_RVT": [
        "INVX16_RVT",
        "aZvMc",
        "module",
        115
    ],
    "INVX1_RVT": [
        "INVX1_RVT",
        "NnNIf",
        "module",
        116
    ],
    "INVX2_RVT": [
        "INVX2_RVT",
        "kLJYY",
        "module",
        117
    ],
    "INVX32_RVT": [
        "INVX32_RVT",
        "i4j0p",
        "module",
        118
    ],
    "INVX4_RVT": [
        "INVX4_RVT",
        "SE20h",
        "module",
        119
    ],
    "INVX8_RVT": [
        "INVX8_RVT",
        "VCiBQ",
        "module",
        120
    ],
    "ISOLANDX1_RVT": [
        "ISOLANDX1_RVT",
        "a9CVV",
        "module",
        121
    ],
    "ISOLANDX2_RVT": [
        "ISOLANDX2_RVT",
        "UTFqT",
        "module",
        122
    ],
    "ISOLANDX4_RVT": [
        "ISOLANDX4_RVT",
        "ZN8HQ",
        "module",
        123
    ],
    "ISOLANDX8_RVT": [
        "ISOLANDX8_RVT",
        "Hsxtq",
        "module",
        124
    ],
    "ISOLORX1_RVT": [
        "ISOLORX1_RVT",
        "NRkDY",
        "module",
        125
    ],
    "ISOLORX2_RVT": [
        "ISOLORX2_RVT",
        "IvgI8",
        "module",
        126
    ],
    "ISOLORX4_RVT": [
        "ISOLORX4_RVT",
        "wWqej",
        "module",
        127
    ],
    "ISOLORX8_RVT": [
        "ISOLORX8_RVT",
        "ExIS6",
        "module",
        128
    ],
    "ISOLANDAOX1_RVT": [
        "ISOLANDAOX1_RVT",
        "HkiH0",
        "module",
        129
    ],
    "ISOLANDAOX2_RVT": [
        "ISOLANDAOX2_RVT",
        "w2sz1",
        "module",
        130
    ],
    "ISOLANDAOX4_RVT": [
        "ISOLANDAOX4_RVT",
        "kvEUG",
        "module",
        131
    ],
    "ISOLANDAOX8_RVT": [
        "ISOLANDAOX8_RVT",
        "tuIB6",
        "module",
        132
    ],
    "ISOLORAOX1_RVT": [
        "ISOLORAOX1_RVT",
        "WpKcM",
        "module",
        133
    ],
    "ISOLORAOX2_RVT": [
        "ISOLORAOX2_RVT",
        "FfhuY",
        "module",
        134
    ],
    "ISOLORAOX4_RVT": [
        "ISOLORAOX4_RVT",
        "nG0Gi",
        "module",
        135
    ],
    "ISOLORAOX8_RVT": [
        "ISOLORAOX8_RVT",
        "kUvbM",
        "module",
        136
    ],
    "LARX1_RVT": [
        "LARX1_RVT",
        "cVD8U",
        "module",
        137
    ],
    "LARX2_RVT": [
        "LARX2_RVT",
        "SvjDT",
        "module",
        138
    ],
    "LASRNX1_RVT": [
        "LASRNX1_RVT",
        "KAxW4",
        "module",
        139
    ],
    "LASRNX2_RVT": [
        "LASRNX2_RVT",
        "YiDib",
        "module",
        140
    ],
    "LASRQX1_RVT": [
        "LASRQX1_RVT",
        "SSxyL",
        "module",
        141
    ],
    "LASRQX2_RVT": [
        "LASRQX2_RVT",
        "tkxhG",
        "module",
        142
    ],
    "LASRX1_RVT": [
        "LASRX1_RVT",
        "cVKvW",
        "module",
        143
    ],
    "LASRX2_RVT": [
        "LASRX2_RVT",
        "TfDgs",
        "module",
        144
    ],
    "LASX1_RVT": [
        "LASX1_RVT",
        "Cxz3S",
        "module",
        145
    ],
    "LASX2_RVT": [
        "LASX2_RVT",
        "bThbz",
        "module",
        146
    ],
    "LATCHX1_RVT": [
        "LATCHX1_RVT",
        "YsuQY",
        "module",
        147
    ],
    "LATCHX2_RVT": [
        "LATCHX2_RVT",
        "q0DLq",
        "module",
        148
    ],
    "LNANDX1_RVT": [
        "LNANDX1_RVT",
        "SpYgI",
        "module",
        149
    ],
    "LNANDX2_RVT": [
        "LNANDX2_RVT",
        "tPNSe",
        "module",
        150
    ],
    "LSDNENX1_RVT": [
        "LSDNENX1_RVT",
        "MDMK1",
        "module",
        151
    ],
    "LSDNENX2_RVT": [
        "LSDNENX2_RVT",
        "jxDvJ",
        "module",
        152
    ],
    "LSDNENX4_RVT": [
        "LSDNENX4_RVT",
        "nDJcM",
        "module",
        153
    ],
    "LSDNENX8_RVT": [
        "LSDNENX8_RVT",
        "x88Vd",
        "module",
        154
    ],
    "LSDNENCLX1_RVT": [
        "LSDNENCLX1_RVT",
        "aue1b",
        "module",
        155
    ],
    "LSDNENCLX2_RVT": [
        "LSDNENCLX2_RVT",
        "y95ka",
        "module",
        156
    ],
    "LSDNENCLX4_RVT": [
        "LSDNENCLX4_RVT",
        "cutvU",
        "module",
        157
    ],
    "LSDNENCLX8_RVT": [
        "LSDNENCLX8_RVT",
        "LZ9y6",
        "module",
        158
    ],
    "LSDNENCLSSX1_RVT": [
        "LSDNENCLSSX1_RVT",
        "cCQrF",
        "module",
        159
    ],
    "LSDNENCLSSX2_RVT": [
        "LSDNENCLSSX2_RVT",
        "bMdmk",
        "module",
        160
    ],
    "LSDNENCLSSX4_RVT": [
        "LSDNENCLSSX4_RVT",
        "Gh0dk",
        "module",
        161
    ],
    "LSDNENCLSSX8_RVT": [
        "LSDNENCLSSX8_RVT",
        "jPcY5",
        "module",
        162
    ],
    "LSDNENSSX1_RVT": [
        "LSDNENSSX1_RVT",
        "jQVBD",
        "module",
        163
    ],
    "LSDNENSSX2_RVT": [
        "LSDNENSSX2_RVT",
        "RBNGa",
        "module",
        164
    ],
    "LSDNENSSX4_RVT": [
        "LSDNENSSX4_RVT",
        "cxfhu",
        "module",
        165
    ],
    "LSDNENSSX8_RVT": [
        "LSDNENSSX8_RVT",
        "IvMgd",
        "module",
        166
    ],
    "LSDNSSX1_RVT": [
        "LSDNSSX1_RVT",
        "yKjaI",
        "module",
        167
    ],
    "LSDNSSX2_RVT": [
        "LSDNSSX2_RVT",
        "Fusq8",
        "module",
        168
    ],
    "LSDNSSX4_RVT": [
        "LSDNSSX4_RVT",
        "DWbdD",
        "module",
        169
    ],
    "LSDNSSX8_RVT": [
        "LSDNSSX8_RVT",
        "EwT6I",
        "module",
        170
    ],
    "LSDNX1_RVT": [
        "LSDNX1_RVT",
        "td6yT",
        "module",
        171
    ],
    "LSDNX2_RVT": [
        "LSDNX2_RVT",
        "QfjFn",
        "module",
        172
    ],
    "LSDNX4_RVT": [
        "LSDNX4_RVT",
        "kzijH",
        "module",
        173
    ],
    "LSDNX8_RVT": [
        "LSDNX8_RVT",
        "juj8F",
        "module",
        174
    ],
    "LSUPENX1_RVT": [
        "LSUPENX1_RVT",
        "R3a1P",
        "module",
        175
    ],
    "LSUPENX2_RVT": [
        "LSUPENX2_RVT",
        "HUWGU",
        "module",
        176
    ],
    "LSUPENX4_RVT": [
        "LSUPENX4_RVT",
        "qyxMa",
        "module",
        177
    ],
    "LSUPENX8_RVT": [
        "LSUPENX8_RVT",
        "u6DVK",
        "module",
        178
    ],
    "LSUPENCLX1_RVT": [
        "LSUPENCLX1_RVT",
        "mTyBe",
        "module",
        179
    ],
    "LSUPENCLX2_RVT": [
        "LSUPENCLX2_RVT",
        "naJ9I",
        "module",
        180
    ],
    "LSUPENCLX4_RVT": [
        "LSUPENCLX4_RVT",
        "NnFqr",
        "module",
        181
    ],
    "LSUPENCLX8_RVT": [
        "LSUPENCLX8_RVT",
        "EDfdI",
        "module",
        182
    ],
    "LSUPX1_RVT": [
        "LSUPX1_RVT",
        "Wz275",
        "module",
        183
    ],
    "LSUPX2_RVT": [
        "LSUPX2_RVT",
        "pHNQR",
        "module",
        184
    ],
    "LSUPX4_RVT": [
        "LSUPX4_RVT",
        "A2xcs",
        "module",
        185
    ],
    "LSUPX8_RVT": [
        "LSUPX8_RVT",
        "xQ3EW",
        "module",
        186
    ],
    "MUX21X1_RVT": [
        "MUX21X1_RVT",
        "C0cuu",
        "module",
        187
    ],
    "MUX21X2_RVT": [
        "MUX21X2_RVT",
        "v0ksd",
        "module",
        188
    ],
    "MUX41X1_RVT": [
        "MUX41X1_RVT",
        "x5r7N",
        "module",
        189
    ],
    "MUX41X2_RVT": [
        "MUX41X2_RVT",
        "Gcdk1",
        "module",
        190
    ],
    "NAND2X0_RVT": [
        "NAND2X0_RVT",
        "RDfSw",
        "module",
        191
    ],
    "NAND2X1_RVT": [
        "NAND2X1_RVT",
        "TZeau",
        "module",
        192
    ],
    "NAND2X2_RVT": [
        "NAND2X2_RVT",
        "QRxPR",
        "module",
        193
    ],
    "NAND2X4_RVT": [
        "NAND2X4_RVT",
        "nCEtB",
        "module",
        194
    ],
    "NAND3X0_RVT": [
        "NAND3X0_RVT",
        "AJr7r",
        "module",
        195
    ],
    "NAND3X1_RVT": [
        "NAND3X1_RVT",
        "TsZEw",
        "module",
        196
    ],
    "NAND3X2_RVT": [
        "NAND3X2_RVT",
        "FIIah",
        "module",
        197
    ],
    "NAND3X4_RVT": [
        "NAND3X4_RVT",
        "fHm4i",
        "module",
        198
    ],
    "NAND4X0_RVT": [
        "NAND4X0_RVT",
        "RhZD1",
        "module",
        199
    ],
    "NAND4X1_RVT": [
        "NAND4X1_RVT",
        "c6HV9",
        "module",
        200
    ],
    "NBUFFX16_RVT": [
        "NBUFFX16_RVT",
        "ZDza6",
        "module",
        201
    ],
    "NBUFFX2_RVT": [
        "NBUFFX2_RVT",
        "ak7Qh",
        "module",
        202
    ],
    "NBUFFX32_RVT": [
        "NBUFFX32_RVT",
        "Du34z",
        "module",
        203
    ],
    "NBUFFX4_RVT": [
        "NBUFFX4_RVT",
        "K8xZ0",
        "module",
        204
    ],
    "NBUFFX8_RVT": [
        "NBUFFX8_RVT",
        "FdeTV",
        "module",
        205
    ],
    "NMT1_RVT": [
        "NMT1_RVT",
        "CIYxC",
        "module",
        206
    ],
    "NMT2_RVT": [
        "NMT2_RVT",
        "yswdU",
        "module",
        207
    ],
    "NMT3_RVT": [
        "NMT3_RVT",
        "GLPFf",
        "module",
        208
    ],
    "NOR2X0_RVT": [
        "NOR2X0_RVT",
        "HyGVH",
        "module",
        209
    ],
    "NOR2X1_RVT": [
        "NOR2X1_RVT",
        "w3Akj",
        "module",
        210
    ],
    "NOR2X2_RVT": [
        "NOR2X2_RVT",
        "VuCm7",
        "module",
        211
    ],
    "NOR2X4_RVT": [
        "NOR2X4_RVT",
        "i2Z8j",
        "module",
        212
    ],
    "NOR3X0_RVT": [
        "NOR3X0_RVT",
        "RsnLk",
        "module",
        213
    ],
    "NOR3X1_RVT": [
        "NOR3X1_RVT",
        "vjfuM",
        "module",
        214
    ],
    "NOR3X2_RVT": [
        "NOR3X2_RVT",
        "SgniT",
        "module",
        215
    ],
    "NOR3X4_RVT": [
        "NOR3X4_RVT",
        "R959q",
        "module",
        216
    ],
    "NOR4X0_RVT": [
        "NOR4X0_RVT",
        "QpjT4",
        "module",
        217
    ],
    "NOR4X1_RVT": [
        "NOR4X1_RVT",
        "yg8g0",
        "module",
        218
    ],
    "OA21X1_RVT": [
        "OA21X1_RVT",
        "PPWFq",
        "module",
        219
    ],
    "OA21X2_RVT": [
        "OA21X2_RVT",
        "Qpgvp",
        "module",
        220
    ],
    "OA221X1_RVT": [
        "OA221X1_RVT",
        "urt1C",
        "module",
        221
    ],
    "OA221X2_RVT": [
        "OA221X2_RVT",
        "R5a21",
        "module",
        222
    ],
    "OA222X1_RVT": [
        "OA222X1_RVT",
        "iSYsP",
        "module",
        223
    ],
    "OA222X2_RVT": [
        "OA222X2_RVT",
        "ENJPm",
        "module",
        224
    ],
    "OA22X1_RVT": [
        "OA22X1_RVT",
        "tF3xC",
        "module",
        225
    ],
    "OA22X2_RVT": [
        "OA22X2_RVT",
        "jegsF",
        "module",
        226
    ],
    "OAI21X1_RVT": [
        "OAI21X1_RVT",
        "hP6N4",
        "module",
        227
    ],
    "OAI21X2_RVT": [
        "OAI21X2_RVT",
        "u2pha",
        "module",
        228
    ],
    "OAI221X1_RVT": [
        "OAI221X1_RVT",
        "EiDw9",
        "module",
        229
    ],
    "OAI221X2_RVT": [
        "OAI221X2_RVT",
        "Vg01W",
        "module",
        230
    ],
    "OAI222X1_RVT": [
        "OAI222X1_RVT",
        "Gua3D",
        "module",
        231
    ],
    "OAI222X2_RVT": [
        "OAI222X2_RVT",
        "Zfv0P",
        "module",
        232
    ],
    "OAI22X1_RVT": [
        "OAI22X1_RVT",
        "fhL1z",
        "module",
        233
    ],
    "OAI22X2_RVT": [
        "OAI22X2_RVT",
        "DhfpD",
        "module",
        234
    ],
    "OR2X1_RVT": [
        "OR2X1_RVT",
        "HQeZw",
        "module",
        235
    ],
    "OR2X2_RVT": [
        "OR2X2_RVT",
        "AZ7hv",
        "module",
        236
    ],
    "OR2X4_RVT": [
        "OR2X4_RVT",
        "Au7Vv",
        "module",
        237
    ],
    "OR3X1_RVT": [
        "OR3X1_RVT",
        "d4Y4N",
        "module",
        238
    ],
    "OR3X2_RVT": [
        "OR3X2_RVT",
        "M4bka",
        "module",
        239
    ],
    "OR3X4_RVT": [
        "OR3X4_RVT",
        "Qps6P",
        "module",
        240
    ],
    "OR4X1_RVT": [
        "OR4X1_RVT",
        "CauIB",
        "module",
        241
    ],
    "OR4X2_RVT": [
        "OR4X2_RVT",
        "WtwyT",
        "module",
        242
    ],
    "OR4X4_RVT": [
        "OR4X4_RVT",
        "xMKmz",
        "module",
        243
    ],
    "PGX1_RVT": [
        "PGX1_RVT",
        "PbEsB",
        "module",
        244
    ],
    "PGX2_RVT": [
        "PGX2_RVT",
        "gU23g",
        "module",
        245
    ],
    "PGX4_RVT": [
        "PGX4_RVT",
        "jSG5z",
        "module",
        246
    ],
    "PMT1_RVT": [
        "PMT1_RVT",
        "aq3nc",
        "module",
        247
    ],
    "PMT2_RVT": [
        "PMT2_RVT",
        "E4Ayq",
        "module",
        248
    ],
    "PMT3_RVT": [
        "PMT3_RVT",
        "RsMdD",
        "module",
        249
    ],
    "RDFFARX1_RVT": [
        "RDFFARX1_RVT",
        "J6d3Q",
        "module",
        250
    ],
    "RDFFARX2_RVT": [
        "RDFFARX2_RVT",
        "hCpVP",
        "module",
        251
    ],
    "RDFFNARX1_RVT": [
        "RDFFNARX1_RVT",
        "vEC6P",
        "module",
        252
    ],
    "RDFFNARX2_RVT": [
        "RDFFNARX2_RVT",
        "BUuFW",
        "module",
        253
    ],
    "RSDFFARX1_RVT": [
        "RSDFFARX1_RVT",
        "CRk1e",
        "module",
        254
    ],
    "RSDFFARX2_RVT": [
        "RSDFFARX2_RVT",
        "uiBC0",
        "module",
        255
    ],
    "RSDFFNARX1_RVT": [
        "RSDFFNARX1_RVT",
        "bsayK",
        "module",
        256
    ],
    "RSDFFNARX2_RVT": [
        "RSDFFNARX2_RVT",
        "suRL6",
        "module",
        257
    ],
    "RDFFNX1_RVT": [
        "RDFFNX1_RVT",
        "wiTJJ",
        "module",
        258
    ],
    "RDFFNX2_RVT": [
        "RDFFNX2_RVT",
        "S4z5S",
        "module",
        259
    ],
    "RDFFX1_RVT": [
        "RDFFX1_RVT",
        "U145R",
        "module",
        260
    ],
    "RDFFX2_RVT": [
        "RDFFX2_RVT",
        "tMWkg",
        "module",
        261
    ],
    "RSDFFNX1_RVT": [
        "RSDFFNX1_RVT",
        "r2UZV",
        "module",
        262
    ],
    "RSDFFNX2_RVT": [
        "RSDFFNX2_RVT",
        "PuFsy",
        "module",
        263
    ],
    "RSDFFX1_RVT": [
        "RSDFFX1_RVT",
        "LKIve",
        "module",
        264
    ],
    "RSDFFX2_RVT": [
        "RSDFFX2_RVT",
        "QLQjj",
        "module",
        265
    ],
    "SDFFARX1_RVT": [
        "SDFFARX1_RVT",
        "fDKmn",
        "module",
        266
    ],
    "SDFFARX2_RVT": [
        "SDFFARX2_RVT",
        "vJLqq",
        "module",
        267
    ],
    "SDFFASRSX1_RVT": [
        "SDFFASRSX1_RVT",
        "fQfhs",
        "module",
        268
    ],
    "SDFFASRSX2_RVT": [
        "SDFFASRSX2_RVT",
        "mbdx2",
        "module",
        269
    ],
    "SDFFASRX1_RVT": [
        "SDFFASRX1_RVT",
        "zEZsG",
        "module",
        270
    ],
    "SDFFASRX2_RVT": [
        "SDFFASRX2_RVT",
        "ay1Bn",
        "module",
        271
    ],
    "SDFFASX1_RVT": [
        "SDFFASX1_RVT",
        "FfyV6",
        "module",
        272
    ],
    "SDFFASX2_RVT": [
        "SDFFASX2_RVT",
        "e5rai",
        "module",
        273
    ],
    "SDFFNARX1_RVT": [
        "SDFFNARX1_RVT",
        "grzAh",
        "module",
        274
    ],
    "SDFFNARX2_RVT": [
        "SDFFNARX2_RVT",
        "t6Qtc",
        "module",
        275
    ],
    "SDFFNASRX1_RVT": [
        "SDFFNASRX1_RVT",
        "FGvwa",
        "module",
        276
    ],
    "SDFFNASRX2_RVT": [
        "SDFFNASRX2_RVT",
        "ve49z",
        "module",
        277
    ],
    "SDFFNASX1_RVT": [
        "SDFFNASX1_RVT",
        "WdJ0P",
        "module",
        278
    ],
    "SDFFNASX2_RVT": [
        "SDFFNASX2_RVT",
        "c3AZi",
        "module",
        279
    ],
    "SDFFNX1_RVT": [
        "SDFFNX1_RVT",
        "WVyuF",
        "module",
        280
    ],
    "SDFFNX2_RVT": [
        "SDFFNX2_RVT",
        "DpEE4",
        "module",
        281
    ],
    "SDFFSSRX1_RVT": [
        "SDFFSSRX1_RVT",
        "YeJE3",
        "module",
        282
    ],
    "SDFFSSRX2_RVT": [
        "SDFFSSRX2_RVT",
        "rwHfF",
        "module",
        283
    ],
    "SDFFX1_RVT": [
        "SDFFX1_RVT",
        "GamDj",
        "module",
        284
    ],
    "SDFFX2_RVT": [
        "SDFFX2_RVT",
        "j8zYf",
        "module",
        285
    ],
    "SHFILL2_RVT": [
        "SHFILL2_RVT",
        "YUfqj",
        "module",
        286
    ],
    "SHFILL3_RVT": [
        "SHFILL3_RVT",
        "Q9Ygk",
        "module",
        287
    ],
    "SHFILL1_RVT": [
        "SHFILL1_RVT",
        "vyFjE",
        "module",
        288
    ],
    "SHFILL64_RVT": [
        "SHFILL64_RVT",
        "SbPJe",
        "module",
        289
    ],
    "SHFILL128_RVT": [
        "SHFILL128_RVT",
        "rxfJg",
        "module",
        290
    ],
    "TIEH_RVT": [
        "TIEH_RVT",
        "p8ELQ",
        "module",
        291
    ],
    "TIEL_RVT": [
        "TIEL_RVT",
        "V0ZpU",
        "module",
        292
    ],
    "TNBUFFX16_RVT": [
        "TNBUFFX16_RVT",
        "rv3PS",
        "module",
        293
    ],
    "TNBUFFX1_RVT": [
        "TNBUFFX1_RVT",
        "MYE8n",
        "module",
        294
    ],
    "TNBUFFX2_RVT": [
        "TNBUFFX2_RVT",
        "ZAEjR",
        "module",
        295
    ],
    "TNBUFFX32_RVT": [
        "TNBUFFX32_RVT",
        "F3GL0",
        "module",
        296
    ],
    "TNBUFFX4_RVT": [
        "TNBUFFX4_RVT",
        "cD9jV",
        "module",
        297
    ],
    "TNBUFFX8_RVT": [
        "TNBUFFX8_RVT",
        "U6nmz",
        "module",
        298
    ],
    "XNOR2X1_RVT": [
        "XNOR2X1_RVT",
        "gfDqW",
        "module",
        299
    ],
    "XNOR2X2_RVT": [
        "XNOR2X2_RVT",
        "RyiqR",
        "module",
        300
    ],
    "XNOR3X1_RVT": [
        "XNOR3X1_RVT",
        "F95RV",
        "module",
        301
    ],
    "XNOR3X2_RVT": [
        "XNOR3X2_RVT",
        "M0zze",
        "module",
        302
    ],
    "XOR2X1_RVT": [
        "XOR2X1_RVT",
        "BGSKj",
        "module",
        303
    ],
    "XOR2X2_RVT": [
        "XOR2X2_RVT",
        "qEAwn",
        "module",
        304
    ],
    "XOR3X1_RVT": [
        "XOR3X1_RVT",
        "b2zMA",
        "module",
        305
    ],
    "XOR3X2_RVT": [
        "XOR3X2_RVT",
        "n88gv",
        "module",
        306
    ],
    "RDFFNSRASX1_RVT": [
        "RDFFNSRASX1_RVT",
        "bW24P",
        "module",
        307
    ],
    "RDFFNSRASX2_RVT": [
        "RDFFNSRASX2_RVT",
        "Emc1h",
        "module",
        308
    ],
    "RDFFSRARX1_RVT": [
        "RDFFSRARX1_RVT",
        "zdinH",
        "module",
        309
    ],
    "RDFFSRARX2_RVT": [
        "RDFFSRARX2_RVT",
        "kg7Y3",
        "module",
        310
    ],
    "RDFFSRASRX1_RVT": [
        "RDFFSRASRX1_RVT",
        "WWJAL",
        "module",
        311
    ],
    "RDFFSRASRX2_RVT": [
        "RDFFSRASRX2_RVT",
        "C1T3Y",
        "module",
        312
    ],
    "RDFFSRASX1_RVT": [
        "RDFFSRASX1_RVT",
        "Q0r7E",
        "module",
        313
    ],
    "RDFFSRASX2_RVT": [
        "RDFFSRASX2_RVT",
        "uB7dU",
        "module",
        314
    ],
    "RSDFFNSRARX1_RVT": [
        "RSDFFNSRARX1_RVT",
        "zGMV0",
        "module",
        315
    ],
    "RSDFFNSRARX2_RVT": [
        "RSDFFNSRARX2_RVT",
        "RTyGs",
        "module",
        316
    ],
    "RSDFFNSRASRX1_RVT": [
        "RSDFFNSRASRX1_RVT",
        "RaLuI",
        "module",
        317
    ],
    "RSDFFNSRASRX2_RVT": [
        "RSDFFNSRASRX2_RVT",
        "fqL7Y",
        "module",
        318
    ],
    "RSDFFNSRASRNX1_RVT": [
        "RSDFFNSRASRNX1_RVT",
        "FvDN2",
        "module",
        319
    ],
    "RSDFFNSRASRNX2_RVT": [
        "RSDFFNSRASRNX2_RVT",
        "ImS2n",
        "module",
        320
    ],
    "RSDFFNSRASRQX1_RVT": [
        "RSDFFNSRASRQX1_RVT",
        "zvBT2",
        "module",
        321
    ],
    "RSDFFNSRASRQX2_RVT": [
        "RSDFFNSRASRQX2_RVT",
        "NpqSW",
        "module",
        322
    ],
    "RSDFFSRARX1_RVT": [
        "RSDFFSRARX1_RVT",
        "nince",
        "module",
        323
    ],
    "RSDFFSRARX2_RVT": [
        "RSDFFSRARX2_RVT",
        "tNvGj",
        "module",
        324
    ],
    "RSDFFSRASRX1_RVT": [
        "RSDFFSRASRX1_RVT",
        "TSdIn",
        "module",
        325
    ],
    "RSDFFSRASRX2_RVT": [
        "RSDFFSRASRX2_RVT",
        "fU36M",
        "module",
        326
    ],
    "RDFFNSRARX1_RVT": [
        "RDFFNSRARX1_RVT",
        "JPdJD",
        "module",
        327
    ],
    "RDFFNSRARX2_RVT": [
        "RDFFNSRARX2_RVT",
        "cNpVh",
        "module",
        328
    ],
    "RDFFNSRASRQX1_RVT": [
        "RDFFNSRASRQX1_RVT",
        "We3Zu",
        "module",
        329
    ],
    "RDFFNSRASRQX2_RVT": [
        "RDFFNSRASRQX2_RVT",
        "RY9dF",
        "module",
        330
    ],
    "RDFFNSRASRNX1_RVT": [
        "RDFFNSRASRNX1_RVT",
        "j2qTn",
        "module",
        331
    ],
    "RDFFNSRASRNX2_RVT": [
        "RDFFNSRASRNX2_RVT",
        "xbtnQ",
        "module",
        332
    ],
    "RDFFNSRASRX1_RVT": [
        "RDFFNSRASRX1_RVT",
        "HnqpA",
        "module",
        333
    ],
    "RDFFNSRASRX2_RVT": [
        "RDFFNSRASRX2_RVT",
        "NTji4",
        "module",
        334
    ],
    "RDFFNSRX1_RVT": [
        "RDFFNSRX1_RVT",
        "fYyAz",
        "module",
        335
    ],
    "RDFFNSRX2_RVT": [
        "RDFFNSRX2_RVT",
        "TH93q",
        "module",
        336
    ],
    "RDFFSRSSRX1_RVT": [
        "RDFFSRSSRX1_RVT",
        "M6YDk",
        "module",
        337
    ],
    "RDFFSRSSRX2_RVT": [
        "RDFFSRSSRX2_RVT",
        "VNTpu",
        "module",
        338
    ],
    "RDFFSRX1_RVT": [
        "RDFFSRX1_RVT",
        "UbK6T",
        "module",
        339
    ],
    "RDFFSRX2_RVT": [
        "RDFFSRX2_RVT",
        "IktGB",
        "module",
        340
    ],
    "RSDFFNSRASX1_RVT": [
        "RSDFFNSRASX1_RVT",
        "fNQuz",
        "module",
        341
    ],
    "RSDFFNSRASX2_RVT": [
        "RSDFFNSRASX2_RVT",
        "uSH1z",
        "module",
        342
    ],
    "RSDFFNSRX1_RVT": [
        "RSDFFNSRX1_RVT",
        "CZhsi",
        "module",
        343
    ],
    "RSDFFNSRX2_RVT": [
        "RSDFFNSRX2_RVT",
        "eWEwI",
        "module",
        344
    ],
    "RSDFFSRASX1_RVT": [
        "RSDFFSRASX1_RVT",
        "hyMdT",
        "module",
        345
    ],
    "RSDFFSRASX2_RVT": [
        "RSDFFSRASX2_RVT",
        "iZ827",
        "module",
        346
    ],
    "RSDFFSRSSRX1_RVT": [
        "RSDFFSRSSRX1_RVT",
        "kMQT1",
        "module",
        347
    ],
    "RSDFFSRSSRX2_RVT": [
        "RSDFFSRSSRX2_RVT",
        "WbMrJ",
        "module",
        348
    ],
    "RSDFFSRX1_RVT": [
        "RSDFFSRX1_RVT",
        "BBL3M",
        "module",
        349
    ],
    "RSDFFSRX2_RVT": [
        "RSDFFSRX2_RVT",
        "K5KAI",
        "module",
        350
    ],
    "SRAM1RW1024x8": [
        "SRAM1RW1024x8",
        "s4Q3U",
        "module",
        351
    ],
    "SRAM1RW128x46": [
        "SRAM1RW128x46",
        "LWfpK",
        "module",
        352
    ],
    "SRAM1RW128x48": [
        "SRAM1RW128x48",
        "x3RmF",
        "module",
        353
    ],
    "SRAM1RW128x8": [
        "SRAM1RW128x8",
        "hsPnZ",
        "module",
        354
    ],
    "SRAM1RW256x128": [
        "SRAM1RW256x128",
        "K077C",
        "module",
        355
    ],
    "SRAM1RW256x32": [
        "SRAM1RW256x32",
        "Rsr8M",
        "module",
        356
    ],
    "SRAM1RW256x46": [
        "SRAM1RW256x46",
        "U5B8A",
        "module",
        357
    ],
    "SRAM1RW256x48": [
        "SRAM1RW256x48",
        "Ze8jq",
        "module",
        358
    ],
    "SRAM1RW256x8": [
        "SRAM1RW256x8",
        "f5VBA",
        "module",
        359
    ],
    "SRAM1RW32x50": [
        "SRAM1RW32x50",
        "GMPH7",
        "module",
        360
    ],
    "SRAM1RW512x128": [
        "SRAM1RW512x128",
        "JUY0A",
        "module",
        361
    ],
    "SRAM1RW512x32": [
        "SRAM1RW512x32",
        "hmfIp",
        "module",
        362
    ],
    "SRAM1RW512x8": [
        "SRAM1RW512x8",
        "PQyzt",
        "module",
        363
    ],
    "SRAM1RW64x32": [
        "SRAM1RW64x32",
        "cn4h6",
        "module",
        364
    ],
    "SRAM1RW64x34": [
        "SRAM1RW64x34",
        "ByLHG",
        "module",
        365
    ],
    "SRAM1RW64x8": [
        "SRAM1RW64x8",
        "EFeGY",
        "module",
        366
    ],
    "SRAM2RW128x16": [
        "SRAM2RW128x16",
        "mB3EK",
        "module",
        367
    ],
    "SRAM2RW128x32": [
        "SRAM2RW128x32",
        "nisWy",
        "module",
        368
    ],
    "SRAM2RW128x4": [
        "SRAM2RW128x4",
        "DTE39",
        "module",
        369
    ],
    "SRAM2RW128x8": [
        "SRAM2RW128x8",
        "catt9",
        "module",
        370
    ],
    "SRAM2RW16x16": [
        "SRAM2RW16x16",
        "vIpEd",
        "module",
        371
    ],
    "SRAM2RW16x32": [
        "SRAM2RW16x32",
        "ucS0C",
        "module",
        372
    ],
    "SRAM2RW16x4": [
        "SRAM2RW16x4",
        "dDDTD",
        "module",
        373
    ],
    "SRAM2RW16x8": [
        "SRAM2RW16x8",
        "xjiVs",
        "module",
        374
    ],
    "SRAM2RW32x16": [
        "SRAM2RW32x16",
        "x4x22",
        "module",
        375
    ],
    "SRAM2RW32x22": [
        "SRAM2RW32x22",
        "mmRj6",
        "module",
        376
    ],
    "SRAM2RW32x32": [
        "SRAM2RW32x32",
        "yKuiY",
        "module",
        377
    ],
    "SRAM2RW32x39": [
        "SRAM2RW32x39",
        "hjtHy",
        "module",
        378
    ],
    "SRAM2RW32x4": [
        "SRAM2RW32x4",
        "akbMD",
        "module",
        379
    ],
    "SRAM2RW32x8": [
        "SRAM2RW32x8",
        "neNkf",
        "module",
        380
    ],
    "SRAM2RW64x16": [
        "SRAM2RW64x16",
        "z4BKE",
        "module",
        381
    ],
    "SRAM2RW64x32": [
        "SRAM2RW64x32",
        "xp6F4",
        "module",
        382
    ],
    "SRAM2RW64x4": [
        "SRAM2RW64x4",
        "uUbsL",
        "module",
        383
    ],
    "SRAM2RW64x8": [
        "SRAM2RW64x8",
        "nVscv",
        "module",
        384
    ],
    "...MASTER...": [
        "SIM",
        "amcQw",
        "module",
        385
    ],
    "s_aodffarx1_Q": [
        "s_aodffarx1_Q",
        "ZycYe",
        "udp",
        386
    ],
    "s_aodffarx2_Q": [
        "s_aodffarx2_Q",
        "Hz6M0",
        "udp",
        387
    ],
    "s_aodffnarx1_Q": [
        "s_aodffnarx1_Q",
        "cfY91",
        "udp",
        388
    ],
    "s_aodffnarx2_Q": [
        "s_aodffnarx2_Q",
        "E3u6e",
        "udp",
        389
    ],
    "s_dec24x1_Q3": [
        "s_dec24x1_Q3",
        "c8ZbZ",
        "udp",
        390
    ],
    "s_dec24x1_Q2": [
        "s_dec24x1_Q2",
        "YffJQ",
        "udp",
        391
    ],
    "s_dec24x1_Q1": [
        "s_dec24x1_Q1",
        "JzzcM",
        "udp",
        392
    ],
    "s_dec24x1_Q0": [
        "s_dec24x1_Q0",
        "KQQ1H",
        "udp",
        393
    ],
    "s_dec24x2_Q3": [
        "s_dec24x2_Q3",
        "Aw1WF",
        "udp",
        394
    ],
    "s_dec24x2_Q2": [
        "s_dec24x2_Q2",
        "Z0bgF",
        "udp",
        395
    ],
    "s_dec24x2_Q1": [
        "s_dec24x2_Q1",
        "mTxzr",
        "udp",
        396
    ],
    "s_dec24x2_Q0": [
        "s_dec24x2_Q0",
        "BcyNP",
        "udp",
        397
    ],
    "s_faddx1_S": [
        "s_faddx1_S",
        "CZfJ6",
        "udp",
        398
    ],
    "s_faddx1_CO": [
        "s_faddx1_CO",
        "u96GI",
        "udp",
        399
    ],
    "s_faddx2_S": [
        "s_faddx2_S",
        "mSfbM",
        "udp",
        400
    ],
    "s_faddx2_CO": [
        "s_faddx2_CO",
        "cdUtU",
        "udp",
        401
    ],
    "s_mux21x1": [
        "s_mux21x1",
        "LSJP2",
        "udp",
        402
    ],
    "s_mux21x2": [
        "s_mux21x2",
        "Ux6u8",
        "udp",
        403
    ],
    "s_mux41x1": [
        "s_mux41x1",
        "e37Qb",
        "udp",
        404
    ],
    "s_mux41x2": [
        "s_mux41x2",
        "K0FAD",
        "udp",
        405
    ],
    "saed32_xbuf_lvt": [
        "saed32_xbuf_lvt",
        "Gjg4Z",
        "udp",
        406
    ],
    "saed32_mux_lvt": [
        "saed32_mux_lvt",
        "hg6Rm",
        "udp",
        407
    ],
    "saed32_dff_pos_lvt": [
        "saed32_dff_pos_lvt",
        "Z0GwU",
        "udp",
        408
    ],
    "saed32_dff_neg_lvt": [
        "saed32_dff_neg_lvt",
        "JgPNT",
        "udp",
        409
    ],
    "saed32_dla_high_lvt": [
        "saed32_dla_high_lvt",
        "pNeY8",
        "udp",
        410
    ],
    "saed32_dla_low_lvt": [
        "saed32_dla_low_lvt",
        "y4a7N",
        "udp",
        411
    ]
}