<?xml version="1.0" encoding="UTF-8" standalone="yes"?>
<spirit:component xmlns:spirit="http://www.spiritconsortium.org/XMLSchema/SPIRIT/1.4" xmlns:xsi="http://www.w3.org/2001/XMLSchema-instance" xsi:schemaLocation="http://www.spiritconsortium.org/XMLSchema/SPIRIT/1.4 http://www.spiritconsortium.org/XMLSchema/SPIRIT/1.4/index.xsd">
	<spirit:vendor>Synopsys</spirit:vendor>
	<spirit:library>Synopsys_lib</spirit:library>
	<spirit:name>fifo</spirit:name>
	<spirit:version>1.0</spirit:version>
	<spirit:busInterfaces>
	</spirit:busInterfaces>
	<spirit:model>
	    <spirit:ports>
                <spirit:port>
                    <spirit:name>axi_reset_n</spirit:name>
                         <spirit:wire>
                             <spirit:direction>in</spirit:direction>
                         </spirit:wire>
                </spirit:port>
                <spirit:port>
                    <spirit:name>clk</spirit:name>
                         <spirit:wire>
                             <spirit:direction>in</spirit:direction>
                         </spirit:wire>
                </spirit:port>
                <spirit:port>
                    <spirit:name>data_in</spirit:name>
                         <spirit:wire>
                             <spirit:direction>in</spirit:direction>
                              <spirit:vector>
                                   <spirit:left>44</spirit:left>
                                   <spirit:right>0</spirit:right>
                              </spirit:vector>
                         </spirit:wire>
                </spirit:port>
                <spirit:port>
                    <spirit:name>data_out</spirit:name>
                         <spirit:wire>
                             <spirit:direction>out</spirit:direction>
                              <spirit:vector>
                                   <spirit:left>44</spirit:left>
                                   <spirit:right>0</spirit:right>
                              </spirit:vector>
                         </spirit:wire>
                </spirit:port>
                <spirit:port>
                    <spirit:name>r_rdy</spirit:name>
                         <spirit:wire>
                             <spirit:direction>in</spirit:direction>
                         </spirit:wire>
                </spirit:port>
                <spirit:port>
                    <spirit:name>r_vld</spirit:name>
                         <spirit:wire>
                             <spirit:direction>out</spirit:direction>
                         </spirit:wire>
                </spirit:port>
                <spirit:port>
                    <spirit:name>w_rdy</spirit:name>
                         <spirit:wire>
                             <spirit:direction>out</spirit:direction>
                         </spirit:wire>
                </spirit:port>
                <spirit:port>
                    <spirit:name>w_vld</spirit:name>
                         <spirit:wire>
                             <spirit:direction>in</spirit:direction>
                         </spirit:wire>
                </spirit:port>
	    </spirit:ports>
	</spirit:model>
</spirit:component>
