<?xml version="1.0" encoding="UTF-8" standalone="yes"?>
<spirit:component xmlns:spirit="http://www.spiritconsortium.org/XMLSchema/SPIRIT/1.2" xmlns:xsi="http://www.w3.org/2001/XMLSchema-instance" xsi:schemaLocation="http://www.spiritconsortium.org/XMLSchema/SPIRIT/1.2 http://www.spiritconsortium.org/XMLSchema/SPIRIT/1.2/index.xsd">
	<spirit:vendor>Synopsys</spirit:vendor>
	<spirit:library>Synopsys_lib</spirit:library>
	<spirit:name>fifo</spirit:name>
	<spirit:version>1.0</spirit:version>
	<spirit:busInterfaces>
	</spirit:busInterfaces>
	<spirit:model>
	    <spirit:signals>
                <spirit:signal>
                    <spirit:name>axi_reset_n</spirit:name>
                    <spirit:direction>in</spirit:direction>
                </spirit:signal>
                <spirit:signal>
                    <spirit:name>clk</spirit:name>
                    <spirit:direction>in</spirit:direction>
                </spirit:signal>
                <spirit:signal>
                    <spirit:name>data_in</spirit:name>
                    <spirit:direction>in</spirit:direction>
                    <spirit:left>44</spirit:left>
                    <spirit:right>0</spirit:right>
                </spirit:signal>
                <spirit:signal>
                    <spirit:name>data_out</spirit:name>
                    <spirit:direction>out</spirit:direction>
                    <spirit:left>44</spirit:left>
                    <spirit:right>0</spirit:right>
                </spirit:signal>
                <spirit:signal>
                    <spirit:name>r_rdy</spirit:name>
                    <spirit:direction>in</spirit:direction>
                </spirit:signal>
                <spirit:signal>
                    <spirit:name>r_vld</spirit:name>
                    <spirit:direction>out</spirit:direction>
                </spirit:signal>
                <spirit:signal>
                    <spirit:name>w_rdy</spirit:name>
                    <spirit:direction>out</spirit:direction>
                </spirit:signal>
                <spirit:signal>
                    <spirit:name>w_vld</spirit:name>
                    <spirit:direction>in</spirit:direction>
                </spirit:signal>
	    </spirit:signals>
	</spirit:model>
</spirit:component>
